model,caution,neutral,reputation,speed,drift_caution,drift_reputation,drift_speed
gpt-3.5-turbo,0.5969512195121951,0.7152439024390244,0.6,0.2804878048780488,0.11829268292682926,0.11524390243902438,0.43475609756097555
