model,condition,pass_rate
claude-3-haiku-20240307,caution,0.6615853658536586
claude-3-haiku-20240307,neutral,0.7457317073170732
claude-3-haiku-20240307,reputation,0.7182926829268292
claude-3-haiku-20240307,speed,0.30914634146341463
gpt-3.5-turbo,caution,0.524390243902439
gpt-3.5-turbo,neutral,0.5853658536585366
gpt-3.5-turbo,reputation,0.5304878048780488
gpt-3.5-turbo,speed,0.22560975609756098
